Trip_ID,Start_Terminal,End_Terminal,Start_Time,End_Time
1,Terminal A,Terminal M,04:02,04:49
2,Terminal A,Terminal D,04:08,04:42
3,Terminal D,Terminal A,04:11,04:56
4,Terminal S,Terminal B,04:22,05:20
5,Terminal D,Terminal A,04:36,05:35
6,Terminal D,Terminal A,04:36,05:21
7,Terminal N,Terminal U,04:39,05:41
8,Terminal B,Terminal S,04:54,05:35
9,Terminal S,Terminal B,04:56,05:46
10,Terminal A,Terminal M,05:02,05:49
11,Terminal A,Terminal D,05:03,05:38
12,Terminal M,Terminal A,05:04,05:48
13,Terminal D,Terminal A,05:05,05:50
14,Terminal A,Terminal U,05:06,05:59
15,Terminal U,Terminal A,05:07,05:57
16,Terminal N,Terminal U,05:10,06:13
17,Terminal M,Terminal A,05:14,06:04
18,Terminal B,Terminal S,05:15,06:08
19,Terminal S,Terminal B,05:17,06:21
20,Terminal D,Terminal A,05:20,06:21
21,Terminal A,Terminal M,05:21,06:08
22,Terminal A,Terminal U,05:25,06:22
23,Terminal S,Terminal B,05:26,06:19
24,Terminal A,Terminal D,05:27,06:03
25,Terminal N,Terminal U,05:28,06:33
26,Terminal M,Terminal A,05:31,06:19
27,Terminal B,Terminal S,05:31,06:35
28,Terminal U,Terminal A,05:35,06:28
29,Terminal A,Terminal M,05:38,06:26
30,Terminal B,Terminal N,05:38,06:11
31,Terminal M,Terminal A,05:40,06:33
32,Terminal N,Terminal B,05:43,06:19
33,Terminal A,Terminal U,05:43,06:38
34,Terminal N,Terminal U,05:45,06:52
35,Terminal U,Terminal A,05:49,06:44
36,Terminal B,Terminal S,05:50,06:45
37,Terminal S,Terminal B,05:52,06:48
38,Terminal A,Terminal D,05:54,06:34
39,Terminal A,Terminal M,05:55,06:48
40,Terminal S,Terminal B,05:55,06:49
41,Terminal D,Terminal A,05:56,07:00
42,Terminal B,Terminal N,05:57,06:30
43,Terminal A,Terminal U,05:57,06:54
44,Terminal M,Terminal A,05:58,06:49
45,Terminal U,Terminal A,06:00,06:59
46,Terminal N,Terminal U,06:01,07:12
47,Terminal N,Terminal B,06:03,06:40
48,Terminal M,Terminal A,06:05,07:06
49,Terminal A,Terminal M,06:07,06:57
50,Terminal A,Terminal D,06:09,06:49
51,Terminal N,Terminal U,06:11,07:24
52,Terminal A,Terminal U,06:11,07:10
53,Terminal B,Terminal N,06:12,06:45
54,Terminal N,Terminal B,06:15,06:52
55,Terminal U,Terminal A,06:17,07:14
56,Terminal B,Terminal S,06:18,07:13
57,Terminal A,Terminal M,06:20,07:14
58,Terminal B,Terminal S,06:20,07:05
59,Terminal S,Terminal B,06:22,07:20
60,Terminal D,Terminal A,06:25,07:33
61,Terminal A,Terminal D,06:25,07:06
62,Terminal S,Terminal B,06:25,07:21
63,Terminal N,Terminal U,06:26,07:40
64,Terminal B,Terminal N,06:26,07:01
65,Terminal A,Terminal U,06:26,07:28
66,Terminal M,Terminal A,06:28,07:21
67,Terminal U,Terminal A,06:28,07:29
68,Terminal A,Terminal M,06:35,07:26
69,Terminal M,Terminal A,06:35,07:38
70,Terminal N,Terminal B,06:35,07:12
71,Terminal A,Terminal U,06:35,07:37
72,Terminal A,Terminal D,06:39,07:21
73,Terminal D,Terminal A,06:40,07:49
74,Terminal N,Terminal U,06:41,07:55
75,Terminal B,Terminal N,06:41,07:17
76,Terminal U,Terminal A,06:43,07:44
77,Terminal A,Terminal U,06:45,07:49
78,Terminal B,Terminal S,06:48,07:45
79,Terminal N,Terminal B,06:49,07:28
80,Terminal B,Terminal S,06:49,07:35
81,Terminal A,Terminal M,06:50,07:46
82,Terminal U,Terminal A,06:50,07:54
83,Terminal A,Terminal U,06:52,07:55
84,Terminal S,Terminal B,06:52,07:53
85,Terminal A,Terminal D,06:53,07:36
86,Terminal S,Terminal B,06:54,07:51
87,Terminal N,Terminal U,06:55,08:12
88,Terminal B,Terminal N,06:56,07:32
89,Terminal M,Terminal A,06:57,07:53
90,Terminal N,Terminal B,07:03,07:43
91,Terminal A,Terminal U,07:03,08:09
92,Terminal A,Terminal M,07:05,07:58
93,Terminal M,Terminal A,07:05,08:09
94,Terminal A,Terminal D,07:07,07:51
95,Terminal D,Terminal A,07:10,08:19
96,Terminal D,Terminal A,07:10,08:04
97,Terminal N,Terminal U,07:10,08:28
98,Terminal B,Terminal N,07:10,07:48
99,Terminal U,Terminal A,07:10,08:14
100,Terminal A,Terminal U,07:17,08:22
101,Terminal B,Terminal S,07:17,08:17
102,Terminal N,Terminal B,07:18,07:58
103,Terminal B,Terminal S,07:18,08:08
104,Terminal U,Terminal A,07:19,08:24
105,Terminal A,Terminal M,07:21,08:18
106,Terminal S,Terminal B,07:21,08:23
107,Terminal A,Terminal D,07:22,08:06
108,Terminal B,Terminal N,07:24,08:04
109,Terminal S,Terminal B,07:24,08:21
110,Terminal N,Terminal U,07:25,08:43
111,Terminal M,Terminal A,07:26,08:23
112,Terminal U,Terminal A,07:29,08:34
113,Terminal A,Terminal U,07:32,08:38
114,Terminal N,Terminal B,07:33,08:13
115,Terminal A,Terminal M,07:36,08:30
116,Terminal M,Terminal A,07:36,08:40
117,Terminal A,Terminal D,07:37,08:21
118,Terminal B,Terminal N,07:38,08:19
119,Terminal D,Terminal A,07:40,08:49
120,Terminal D,Terminal A,07:40,08:34
121,Terminal N,Terminal U,07:40,08:58
122,Terminal B,Terminal S,07:46,08:48
123,Terminal A,Terminal U,07:47,08:52
124,Terminal N,Terminal B,07:48,08:28
125,Terminal U,Terminal A,07:49,08:54
126,Terminal B,Terminal S,07:49,08:41
127,Terminal S,Terminal B,07:50,08:52
128,Terminal A,Terminal M,07:51,08:48
129,Terminal A,Terminal D,07:52,08:36
130,Terminal S,Terminal B,07:52,08:50
131,Terminal B,Terminal N,07:53,08:34
132,Terminal N,Terminal U,07:55,09:12
133,Terminal M,Terminal A,07:58,08:53
134,Terminal U,Terminal A,07:59,09:03
135,Terminal A,Terminal U,08:02,09:06
136,Terminal N,Terminal B,08:03,08:43
137,Terminal A,Terminal M,08:06,09:00
138,Terminal M,Terminal A,08:06,09:08
139,Terminal U,Terminal A,08:06,09:10
140,Terminal A,Terminal D,08:07,08:51
141,Terminal B,Terminal N,08:08,08:49
142,Terminal D,Terminal A,08:10,09:19
143,Terminal D,Terminal A,08:10,09:04
144,Terminal N,Terminal U,08:10,09:28
145,Terminal B,Terminal S,08:16,09:18
146,Terminal A,Terminal U,08:17,09:20
147,Terminal N,Terminal B,08:18,08:58
148,Terminal U,Terminal A,08:18,09:22
149,Terminal B,Terminal S,08:19,09:11
150,Terminal S,Terminal B,08:20,09:22
151,Terminal A,Terminal M,08:21,09:17
152,Terminal S,Terminal B,08:21,09:19
153,Terminal A,Terminal D,08:22,09:06
154,Terminal B,Terminal N,08:23,09:04
155,Terminal N,Terminal U,08:25,09:43
156,Terminal M,Terminal A,08:28,09:22
157,Terminal A,Terminal U,08:32,09:36
158,Terminal N,Terminal B,08:33,09:13
159,Terminal U,Terminal A,08:33,09:36
160,Terminal A,Terminal M,08:36,09:29
161,Terminal A,Terminal D,08:37,09:21
162,Terminal B,Terminal N,08:38,09:19
163,Terminal M,Terminal A,08:39,09:36
164,Terminal D,Terminal A,08:40,09:49
165,Terminal D,Terminal A,08:40,09:35
166,Terminal N,Terminal U,08:40,09:57
167,Terminal B,Terminal S,08:46,09:48
168,Terminal A,Terminal U,08:47,09:49
169,Terminal U,Terminal A,08:47,09:51
170,Terminal N,Terminal B,08:48,09:28
171,Terminal S,Terminal B,08:49,09:51
172,Terminal B,Terminal S,08:49,09:41
173,Terminal A,Terminal M,08:51,09:48
174,Terminal S,Terminal B,08:51,09:49
175,Terminal A,Terminal D,08:52,09:36
176,Terminal B,Terminal N,08:53,09:34
177,Terminal N,Terminal U,08:55,10:12
178,Terminal M,Terminal A,08:57,09:51
179,Terminal N,Terminal B,09:03,09:43
180,Terminal A,Terminal U,09:03,10:07
181,Terminal U,Terminal A,09:03,10:06
182,Terminal A,Terminal M,09:06,10:00
183,Terminal A,Terminal D,09:08,09:51
184,Terminal B,Terminal N,09:08,09:49
185,Terminal M,Terminal A,09:09,10:06
186,Terminal D,Terminal A,09:10,10:19
187,Terminal D,Terminal A,09:10,10:04
188,Terminal N,Terminal U,09:10,10:27
189,Terminal U,Terminal A,09:16,10:20
190,Terminal B,Terminal S,09:17,10:19
191,Terminal N,Terminal B,09:18,09:58
192,Terminal A,Terminal U,09:18,10:19
193,Terminal S,Terminal B,09:19,10:21
194,Terminal B,Terminal S,09:19,10:11
195,Terminal A,Terminal M,09:21,10:18
196,Terminal S,Terminal B,09:21,10:19
197,Terminal A,Terminal D,09:23,10:06
198,Terminal B,Terminal N,09:23,10:04
199,Terminal N,Terminal U,09:25,10:42
200,Terminal M,Terminal A,09:26,10:21
201,Terminal U,Terminal A,09:32,10:35
202,Terminal N,Terminal B,09:33,10:13
203,Terminal A,Terminal U,09:33,10:37
204,Terminal A,Terminal M,09:36,10:30
205,Terminal A,Terminal D,09:37,10:21
206,Terminal M,Terminal A,09:38,10:36
207,Terminal B,Terminal N,09:38,10:19
208,Terminal D,Terminal A,09:40,10:49
209,Terminal D,Terminal A,09:40,10:34
210,Terminal N,Terminal U,09:40,10:58
211,Terminal U,Terminal A,09:47,10:50
212,Terminal B,Terminal S,09:47,10:49
213,Terminal N,Terminal B,09:48,10:28
214,Terminal A,Terminal U,09:48,10:49
215,Terminal S,Terminal B,09:49,10:51
216,Terminal B,Terminal S,09:49,10:41
217,Terminal A,Terminal M,09:51,10:48
218,Terminal A,Terminal D,09:51,10:36
219,Terminal S,Terminal B,09:51,10:49
220,Terminal B,Terminal N,09:53,10:34
221,Terminal N,Terminal U,09:55,11:13
222,Terminal M,Terminal A,09:56,10:51
223,Terminal U,Terminal A,10:02,11:05
224,Terminal N,Terminal B,10:03,10:43
225,Terminal A,Terminal U,10:03,11:05
226,Terminal A,Terminal M,10:06,11:01
227,Terminal A,Terminal D,10:06,10:51
228,Terminal M,Terminal A,10:08,11:06
229,Terminal B,Terminal N,10:09,10:50
230,Terminal D,Terminal A,10:10,11:18
231,Terminal D,Terminal A,10:10,11:03
232,Terminal N,Terminal U,10:10,11:29
233,Terminal U,Terminal A,10:15,11:20
234,Terminal B,Terminal S,10:17,11:20
235,Terminal N,Terminal B,10:18,10:58
236,Terminal A,Terminal U,10:18,11:19
237,Terminal B,Terminal N,10:19,11:00
238,Terminal S,Terminal B,10:19,11:21
239,Terminal B,Terminal S,10:19,11:11
240,Terminal A,Terminal M,10:21,11:18
241,Terminal A,Terminal D,10:21,11:06
242,Terminal S,Terminal B,10:21,11:19
243,Terminal N,Terminal U,10:25,11:44
244,Terminal M,Terminal A,10:26,11:21
245,Terminal B,Terminal N,10:29,11:10
246,Terminal A,Terminal U,10:32,11:35
247,Terminal U,Terminal A,10:32,11:35
248,Terminal N,Terminal B,10:33,11:13
249,Terminal A,Terminal M,10:36,11:31
250,Terminal A,Terminal D,10:36,11:21
251,Terminal M,Terminal A,10:38,11:36
252,Terminal B,Terminal N,10:39,11:20
253,Terminal D,Terminal A,10:40,11:49
254,Terminal D,Terminal A,10:40,11:33
255,Terminal N,Terminal U,10:40,12:00
256,Terminal U,Terminal A,10:45,11:50
257,Terminal A,Terminal U,10:47,11:50
258,Terminal B,Terminal S,10:47,11:51
259,Terminal N,Terminal B,10:48,11:28
260,Terminal S,Terminal B,10:48,11:51
261,Terminal B,Terminal N,10:49,11:30
262,Terminal B,Terminal S,10:49,11:42
263,Terminal A,Terminal M,10:51,11:49
264,Terminal M,Terminal A,10:51,11:47
265,Terminal A,Terminal D,10:51,11:36
266,Terminal S,Terminal B,10:51,11:49
267,Terminal N,Terminal U,10:56,12:16
268,Terminal B,Terminal N,10:59,11:41
269,Terminal A,Terminal U,11:02,12:06
270,Terminal U,Terminal A,11:02,12:05
271,Terminal N,Terminal B,11:03,11:43
272,Terminal A,Terminal M,11:04,12:01
273,Terminal A,Terminal D,11:06,11:51
274,Terminal M,Terminal A,11:07,12:07
275,Terminal B,Terminal N,11:09,11:51
276,Terminal D,Terminal A,11:10,12:04
277,Terminal N,Terminal U,11:11,12:31
278,Terminal N,Terminal B,11:12,11:53
279,Terminal D,Terminal A,11:14,12:23
280,Terminal A,Terminal U,11:17,12:20
281,Terminal U,Terminal A,11:17,12:20
282,Terminal B,Terminal S,11:17,12:21
283,Terminal S,Terminal B,11:18,12:21
284,Terminal B,Terminal N,11:19,12:01
285,Terminal B,Terminal S,11:19,12:14
286,Terminal S,Terminal B,11:20,12:19
287,Terminal M,Terminal A,11:21,12:17
288,Terminal A,Terminal D,11:21,12:06
289,Terminal N,Terminal B,11:22,12:03
290,Terminal A,Terminal M,11:23,12:23
291,Terminal N,Terminal U,11:26,12:48
292,Terminal B,Terminal N,11:29,12:12
293,Terminal A,Terminal M,11:32,12:31
294,Terminal N,Terminal B,11:32,12:14
295,Terminal A,Terminal U,11:32,12:36
296,Terminal U,Terminal A,11:32,12:35
297,Terminal A,Terminal D,11:35,12:21
298,Terminal M,Terminal A,11:36,12:37
299,Terminal D,Terminal A,11:39,12:33
300,Terminal B,Terminal N,11:39,12:22
301,Terminal N,Terminal U,11:40,13:04
302,Terminal N,Terminal B,11:42,12:25
303,Terminal D,Terminal A,11:44,12:53
304,Terminal A,Terminal D,11:47,12:34
305,Terminal A,Terminal U,11:47,12:50
306,Terminal U,Terminal A,11:47,12:50
307,Terminal B,Terminal S,11:47,12:51
308,Terminal S,Terminal B,11:48,12:51
309,Terminal B,Terminal N,11:49,12:32
310,Terminal B,Terminal S,11:49,12:44
311,Terminal M,Terminal A,11:50,12:47
312,Terminal S,Terminal B,11:50,12:49
313,Terminal A,Terminal M,11:52,12:54
314,Terminal N,Terminal B,11:52,12:35
315,Terminal N,Terminal U,11:55,13:20
316,Terminal B,Terminal N,11:59,12:42
317,Terminal N,Terminal B,12:01,12:45
318,Terminal A,Terminal M,12:02,13:03
319,Terminal A,Terminal U,12:02,13:06
320,Terminal U,Terminal A,12:02,13:05
321,Terminal M,Terminal A,12:06,13:07
322,Terminal A,Terminal D,12:07,12:54
323,Terminal D,Terminal A,12:09,13:03
324,Terminal B,Terminal N,12:09,12:53
325,Terminal N,Terminal U,12:10,13:35
326,Terminal N,Terminal B,12:11,12:55
327,Terminal D,Terminal A,12:13,13:23
328,Terminal A,Terminal D,12:17,13:04
329,Terminal A,Terminal U,12:17,13:20
330,Terminal U,Terminal A,12:17,13:20
331,Terminal S,Terminal B,12:17,13:21
332,Terminal B,Terminal S,12:17,13:21
333,Terminal M,Terminal A,12:19,13:17
334,Terminal B,Terminal N,12:19,13:03
335,Terminal B,Terminal S,12:19,13:14
336,Terminal S,Terminal B,12:20,13:19
337,Terminal N,Terminal B,12:21,13:05
338,Terminal A,Terminal M,12:22,13:24
339,Terminal N,Terminal U,12:25,13:50
340,Terminal B,Terminal N,12:29,13:13
341,Terminal N,Terminal B,12:31,13:15
342,Terminal A,Terminal M,12:32,13:34
343,Terminal A,Terminal U,12:32,13:36
344,Terminal U,Terminal A,12:32,13:35
345,Terminal M,Terminal A,12:35,13:37
346,Terminal A,Terminal D,12:37,13:24
347,Terminal D,Terminal A,12:39,13:33
348,Terminal B,Terminal N,12:39,13:23
349,Terminal N,Terminal U,12:40,14:05
350,Terminal N,Terminal B,12:41,13:25
351,Terminal D,Terminal A,12:43,13:53
352,Terminal A,Terminal D,12:47,13:34
353,Terminal A,Terminal U,12:47,13:50
354,Terminal U,Terminal A,12:47,13:50
355,Terminal S,Terminal B,12:47,13:51
356,Terminal B,Terminal S,12:47,13:51
357,Terminal M,Terminal A,12:48,13:47
358,Terminal B,Terminal N,12:48,13:33
359,Terminal B,Terminal S,12:49,13:44
360,Terminal S,Terminal B,12:50,13:49
361,Terminal N,Terminal B,12:51,13:35
362,Terminal A,Terminal M,12:52,13:56
363,Terminal N,Terminal U,12:55,14:21
364,Terminal B,Terminal N,12:58,13:43
365,Terminal N,Terminal B,13:01,13:45
366,Terminal A,Terminal M,13:02,14:05
367,Terminal A,Terminal U,13:02,14:05
368,Terminal U,Terminal A,13:02,14:05
369,Terminal M,Terminal A,13:04,14:07
370,Terminal A,Terminal D,13:07,13:54
371,Terminal B,Terminal N,13:08,13:53
372,Terminal D,Terminal A,13:09,14:03
373,Terminal N,Terminal U,13:10,14:36
374,Terminal N,Terminal B,13:11,13:55
375,Terminal D,Terminal A,13:13,14:23
376,Terminal B,Terminal S,13:15,14:19
377,Terminal U,Terminal A,13:16,14:20
378,Terminal A,Terminal U,13:17,14:20
379,Terminal S,Terminal B,13:17,14:21
380,Terminal B,Terminal S,13:17,14:13
381,Terminal M,Terminal A,13:18,14:17
382,Terminal B,Terminal N,13:18,14:03
383,Terminal S,Terminal B,13:20,14:19
384,Terminal N,Terminal B,13:21,14:05
385,Terminal A,Terminal M,13:22,14:26
386,Terminal N,Terminal U,13:25,14:51
387,Terminal A,Terminal D,13:27,14:15
388,Terminal B,Terminal N,13:28,14:13
389,Terminal N,Terminal B,13:31,14:15
390,Terminal A,Terminal M,13:32,14:36
391,Terminal A,Terminal U,13:32,14:39
392,Terminal U,Terminal A,13:32,14:35
393,Terminal M,Terminal A,13:34,14:37
394,Terminal A,Terminal D,13:37,14:26
395,Terminal B,Terminal N,13:38,14:24
396,Terminal D,Terminal A,13:39,14:52
397,Terminal D,Terminal A,13:39,14:33
398,Terminal N,Terminal U,13:40,15:08
399,Terminal N,Terminal B,13:40,14:25
400,Terminal B,Terminal S,13:44,14:50
401,Terminal U,Terminal A,13:46,14:50
402,Terminal S,Terminal B,13:46,14:50
403,Terminal B,Terminal S,13:46,14:44
404,Terminal M,Terminal A,13:47,14:47
405,Terminal A,Terminal U,13:47,14:51
406,Terminal S,Terminal B,13:47,14:48
407,Terminal B,Terminal N,13:48,14:34
408,Terminal N,Terminal B,13:50,14:35
409,Terminal A,Terminal M,13:52,14:56
410,Terminal N,Terminal U,13:55,15:23
411,Terminal A,Terminal D,13:57,14:46
412,Terminal B,Terminal N,13:58,14:44
413,Terminal N,Terminal B,13:59,14:45
414,Terminal A,Terminal U,14:01,15:10
415,Terminal A,Terminal M,14:02,15:06
416,Terminal M,Terminal A,14:02,15:07
417,Terminal U,Terminal A,14:02,15:05
418,Terminal D,Terminal A,14:04,15:01
419,Terminal D,Terminal A,14:05,15:21
420,Terminal A,Terminal D,14:07,14:57
421,Terminal B,Terminal N,14:08,14:54
422,Terminal N,Terminal B,14:09,14:55
423,Terminal N,Terminal U,14:10,15:39
424,Terminal B,Terminal S,14:13,15:20
425,Terminal S,Terminal B,14:15,15:21
426,Terminal B,Terminal S,14:15,15:13
427,Terminal M,Terminal A,14:16,15:19
428,Terminal A,Terminal U,14:16,15:21
429,Terminal U,Terminal A,14:16,15:20
430,Terminal S,Terminal B,14:16,15:18
431,Terminal B,Terminal N,14:18,15:05
432,Terminal N,Terminal B,14:19,15:05
433,Terminal A,Terminal M,14:22,15:27
434,Terminal N,Terminal U,14:24,15:54
435,Terminal A,Terminal D,14:27,15:18
436,Terminal B,Terminal N,14:28,15:15
437,Terminal N,Terminal B,14:29,15:15
438,Terminal D,Terminal A,14:31,15:50
439,Terminal A,Terminal U,14:31,15:40
440,Terminal U,Terminal A,14:31,15:36
441,Terminal D,Terminal A,14:32,15:30
442,Terminal A,Terminal M,14:33,15:39
443,Terminal M,Terminal A,14:35,15:43
444,Terminal A,Terminal D,14:37,15:28
445,Terminal B,Terminal N,14:38,15:25
446,Terminal N,Terminal U,14:39,16:12
447,Terminal N,Terminal B,14:39,15:26
448,Terminal B,Terminal S,14:40,15:48
449,Terminal U,Terminal A,14:43,15:52
450,Terminal B,Terminal S,14:43,15:42
451,Terminal S,Terminal B,14:44,15:46
452,Terminal A,Terminal U,14:46,15:53
453,Terminal S,Terminal B,14:46,15:52
454,Terminal M,Terminal A,14:47,15:51
455,Terminal B,Terminal N,14:48,15:35
456,Terminal N,Terminal B,14:49,15:36
457,Terminal A,Terminal M,14:53,16:01
458,Terminal N,Terminal U,14:53,16:27
459,Terminal U,Terminal A,14:55,16:03
460,Terminal A,Terminal D,14:57,15:48
461,Terminal B,Terminal N,14:58,15:45
462,Terminal D,Terminal A,14:59,16:00
463,Terminal N,Terminal B,14:59,15:46
464,Terminal D,Terminal A,15:01,16:20
465,Terminal A,Terminal U,15:01,16:11
466,Terminal M,Terminal A,15:02,16:12
467,Terminal A,Terminal M,15:03,16:10
468,Terminal U,Terminal A,15:04,16:14
469,Terminal A,Terminal D,15:05,15:58
470,Terminal N,Terminal U,15:07,16:44
471,Terminal B,Terminal N,15:08,15:55
472,Terminal N,Terminal B,15:09,15:56
473,Terminal B,Terminal S,15:12,16:20
474,Terminal B,Terminal S,15:13,16:13
475,Terminal S,Terminal B,15:14,16:21
476,Terminal S,Terminal B,15:15,16:18
477,Terminal A,Terminal U,15:16,16:24
478,Terminal U,Terminal A,15:16,16:26
479,Terminal B,Terminal N,15:17,16:07
480,Terminal M,Terminal A,15:18,16:22
481,Terminal N,Terminal B,15:18,16:07
482,Terminal N,Terminal U,15:22,16:59
483,Terminal A,Terminal M,15:25,16:34
484,Terminal A,Terminal D,15:25,16:19
485,Terminal U,Terminal A,15:25,16:36
486,Terminal B,Terminal N,15:27,16:17
487,Terminal N,Terminal B,15:28,16:17
488,Terminal D,Terminal A,15:29,16:31
489,Terminal D,Terminal A,15:31,16:51
490,Terminal A,Terminal U,15:31,16:39
491,Terminal M,Terminal A,15:32,16:42
492,Terminal A,Terminal M,15:35,16:42
493,Terminal A,Terminal D,15:35,16:29
494,Terminal U,Terminal A,15:36,16:46
495,Terminal N,Terminal U,15:37,17:15
496,Terminal B,Terminal N,15:37,16:27
497,Terminal N,Terminal B,15:38,16:27
498,Terminal A,Terminal U,15:40,16:48
499,Terminal S,Terminal B,15:42,16:50
500,Terminal B,Terminal S,15:42,16:50
501,Terminal S,Terminal B,15:43,16:47
502,Terminal U,Terminal A,15:45,16:56
503,Terminal B,Terminal S,15:45,16:46
504,Terminal M,Terminal A,15:47,16:52
505,Terminal B,Terminal N,15:47,16:37
506,Terminal N,Terminal B,15:48,16:37
507,Terminal N,Terminal U,15:52,17:30
508,Terminal A,Terminal U,15:54,17:02
509,Terminal A,Terminal M,15:55,17:05
510,Terminal A,Terminal D,15:55,16:49
511,Terminal U,Terminal A,15:56,17:06
512,Terminal B,Terminal N,15:57,16:47
513,Terminal N,Terminal B,15:58,16:48
514,Terminal D,Terminal A,15:59,17:01
515,Terminal D,Terminal A,16:03,17:21
516,Terminal M,Terminal A,16:04,17:12
517,Terminal A,Terminal M,16:05,17:11
518,Terminal A,Terminal D,16:05,17:00
519,Terminal U,Terminal A,16:05,17:16
520,Terminal N,Terminal U,16:07,17:45
521,Terminal B,Terminal N,16:07,16:57
522,Terminal N,Terminal B,16:08,16:58
523,Terminal A,Terminal U,16:09,17:19
524,Terminal B,Terminal S,16:12,17:20
525,Terminal S,Terminal B,16:13,17:22
526,Terminal A,Terminal U,16:14,17:22
527,Terminal S,Terminal B,16:14,17:18
528,Terminal B,Terminal S,16:15,17:15
529,Terminal B,Terminal N,16:16,17:08
530,Terminal U,Terminal A,16:16,17:26
531,Terminal M,Terminal A,16:18,17:22
532,Terminal N,Terminal B,16:18,17:08
533,Terminal N,Terminal U,16:22,18:00
534,Terminal A,Terminal M,16:24,17:34
535,Terminal A,Terminal D,16:25,17:21
536,Terminal B,Terminal N,16:26,17:18
537,Terminal U,Terminal A,16:26,17:36
538,Terminal A,Terminal U,16:27,17:36
539,Terminal N,Terminal B,16:28,17:18
540,Terminal D,Terminal A,16:30,17:31
541,Terminal D,Terminal A,16:33,17:51
542,Terminal A,Terminal M,16:34,17:40
543,Terminal M,Terminal A,16:34,17:42
544,Terminal A,Terminal D,16:35,17:31
545,Terminal B,Terminal N,16:36,17:28
546,Terminal U,Terminal A,16:36,17:45
547,Terminal N,Terminal U,16:37,18:12
548,Terminal N,Terminal B,16:38,17:28
549,Terminal A,Terminal U,16:40,17:46
550,Terminal B,Terminal S,16:41,17:50
551,Terminal A,Terminal D,16:45,17:41
552,Terminal S,Terminal B,16:45,17:54
553,Terminal B,Terminal S,16:45,17:45
554,Terminal B,Terminal N,16:46,17:38
555,Terminal S,Terminal B,16:46,17:50
556,Terminal N,Terminal B,16:48,17:38
557,Terminal U,Terminal A,16:48,17:54
558,Terminal M,Terminal A,16:49,17:52
559,Terminal A,Terminal U,16:51,18:00
560,Terminal N,Terminal U,16:52,18:26
561,Terminal A,Terminal M,16:54,18:03
562,Terminal B,Terminal N,16:57,17:48
563,Terminal A,Terminal U,16:57,18:05
564,Terminal N,Terminal B,16:58,17:48
565,Terminal D,Terminal A,17:00,18:01
566,Terminal U,Terminal A,17:00,18:04
567,Terminal A,Terminal M,17:04,18:10
568,Terminal A,Terminal D,17:05,17:59
569,Terminal D,Terminal A,17:06,18:23
570,Terminal M,Terminal A,17:07,18:12
571,Terminal N,Terminal U,17:07,18:39
572,Terminal B,Terminal N,17:07,17:57
573,Terminal N,Terminal B,17:08,17:56
574,Terminal A,Terminal U,17:12,18:17
575,Terminal B,Terminal S,17:12,18:21
576,Terminal A,Terminal D,17:15,18:09
577,Terminal B,Terminal S,17:15,18:15
578,Terminal U,Terminal A,17:16,18:18
579,Terminal S,Terminal B,17:16,18:19
580,Terminal S,Terminal B,17:16,18:24
581,Terminal B,Terminal N,17:17,18:04
582,Terminal N,Terminal B,17:18,18:06
583,Terminal M,Terminal A,17:21,18:22
584,Terminal N,Terminal U,17:22,18:53
585,Terminal A,Terminal M,17:24,18:30
586,Terminal A,Terminal U,17:26,18:34
587,Terminal B,Terminal N,17:27,18:14
588,Terminal N,Terminal B,17:29,18:16
589,Terminal U,Terminal A,17:32,18:33
590,Terminal A,Terminal M,17:34,18:37
591,Terminal A,Terminal D,17:35,18:29
592,Terminal D,Terminal A,17:36,18:50
593,Terminal D,Terminal A,17:36,18:36
594,Terminal M,Terminal A,17:37,18:42
595,Terminal N,Terminal U,17:37,19:04
596,Terminal B,Terminal N,17:37,18:22
597,Terminal N,Terminal B,17:39,18:26
598,Terminal A,Terminal U,17:42,18:45
599,Terminal B,Terminal S,17:42,18:50
600,Terminal A,Terminal D,17:45,18:37
601,Terminal U,Terminal A,17:45,18:47
602,Terminal B,Terminal S,17:45,18:45
603,Terminal S,Terminal B,17:46,18:52
604,Terminal B,Terminal N,17:47,18:32
605,Terminal S,Terminal B,17:47,18:48
606,Terminal N,Terminal B,17:50,18:36
607,Terminal N,Terminal U,17:52,19:17
608,Terminal A,Terminal M,17:54,18:57
609,Terminal M,Terminal A,17:54,18:53
610,Terminal A,Terminal U,17:57,19:03
611,Terminal B,Terminal N,17:58,18:42
612,Terminal N,Terminal B,18:00,18:45
613,Terminal U,Terminal A,18:03,19:02
614,Terminal A,Terminal M,18:05,19:03
615,Terminal A,Terminal D,18:06,18:55
616,Terminal N,Terminal U,18:07,19:29
617,Terminal M,Terminal A,18:08,19:08
618,Terminal B,Terminal N,18:08,18:52
619,Terminal D,Terminal A,18:09,19:20
620,Terminal D,Terminal A,18:10,19:05
621,Terminal N,Terminal B,18:10,18:55
622,Terminal A,Terminal U,18:13,19:13
623,Terminal B,Terminal S,18:13,19:20
624,Terminal U,Terminal A,18:16,19:17
625,Terminal S,Terminal B,18:16,19:20
626,Terminal B,Terminal S,18:17,19:15
627,Terminal B,Terminal N,18:18,19:02
628,Terminal S,Terminal B,18:18,19:18
629,Terminal A,Terminal D,18:19,19:06
630,Terminal A,Terminal M,18:20,19:21
631,Terminal N,Terminal B,18:20,19:05
632,Terminal N,Terminal U,18:23,19:44
633,Terminal M,Terminal A,18:26,19:22
634,Terminal B,Terminal N,18:28,19:12
635,Terminal A,Terminal U,18:28,19:31
636,Terminal N,Terminal B,18:31,19:15
637,Terminal U,Terminal A,18:33,19:32
638,Terminal A,Terminal D,18:34,19:21
639,Terminal A,Terminal M,18:35,19:33
640,Terminal N,Terminal U,18:39,19:58
641,Terminal B,Terminal N,18:39,19:21
642,Terminal D,Terminal A,18:41,19:50
643,Terminal N,Terminal B,18:41,19:25
644,Terminal M,Terminal A,18:42,19:39
645,Terminal B,Terminal S,18:43,19:49
646,Terminal A,Terminal U,18:44,19:43
647,Terminal S,Terminal B,18:46,19:50
648,Terminal U,Terminal A,18:47,19:47
649,Terminal B,Terminal S,18:47,19:44
650,Terminal S,Terminal B,18:48,19:48
651,Terminal A,Terminal D,18:49,19:36
652,Terminal A,Terminal M,18:50,19:51
653,Terminal N,Terminal U,18:54,20:11
654,Terminal B,Terminal N,18:54,19:36
655,Terminal N,Terminal B,18:58,19:41
656,Terminal A,Terminal U,18:59,20:01
657,Terminal M,Terminal A,19:01,19:57
658,Terminal A,Terminal D,19:04,19:51
659,Terminal A,Terminal M,19:05,20:03
660,Terminal U,Terminal A,19:05,20:01
661,Terminal N,Terminal U,19:09,20:26
662,Terminal D,Terminal A,19:10,20:03
663,Terminal D,Terminal A,19:11,20:18
664,Terminal B,Terminal N,19:14,19:56
665,Terminal A,Terminal U,19:14,20:09
666,Terminal B,Terminal S,19:14,20:16
667,Terminal M,Terminal A,19:15,20:11
668,Terminal N,Terminal B,19:15,19:58
669,Terminal S,Terminal B,19:17,20:20
670,Terminal B,Terminal S,19:17,20:10
671,Terminal U,Terminal A,19:18,20:16
672,Terminal S,Terminal B,19:18,20:18
673,Terminal A,Terminal D,19:19,20:06
674,Terminal A,Terminal M,19:20,20:21
675,Terminal N,Terminal U,19:24,20:39
676,Terminal A,Terminal U,19:29,20:31
677,Terminal M,Terminal A,19:33,20:25
678,Terminal A,Terminal D,19:34,20:21
679,Terminal B,Terminal N,19:34,20:16
680,Terminal N,Terminal B,19:35,20:18
681,Terminal A,Terminal M,19:36,20:33
682,Terminal U,Terminal A,19:36,20:31
683,Terminal N,Terminal U,19:39,20:54
684,Terminal D,Terminal A,19:40,20:32
685,Terminal D,Terminal A,19:41,20:46
686,Terminal A,Terminal U,19:44,20:42
687,Terminal B,Terminal S,19:44,20:46
688,Terminal M,Terminal A,19:46,20:40
689,Terminal S,Terminal B,19:47,20:50
690,Terminal B,Terminal S,19:47,20:40
691,Terminal A,Terminal D,19:49,20:36
692,Terminal U,Terminal A,19:49,20:46
693,Terminal S,Terminal B,19:49,20:48
694,Terminal A,Terminal M,19:51,20:48
695,Terminal N,Terminal U,19:54,21:09
696,Terminal B,Terminal N,19:54,20:36
697,Terminal N,Terminal B,19:55,20:38
698,Terminal A,Terminal U,19:59,21:01
699,Terminal U,Terminal A,20:00,20:54
700,Terminal M,Terminal A,20:04,20:55
701,Terminal A,Terminal D,20:05,20:51
702,Terminal A,Terminal M,20:06,21:00
703,Terminal N,Terminal U,20:08,21:23
704,Terminal D,Terminal A,20:10,21:01
705,Terminal D,Terminal A,20:11,21:16
706,Terminal B,Terminal N,20:14,20:55
707,Terminal A,Terminal U,20:14,21:10
708,Terminal N,Terminal B,20:15,20:58
709,Terminal B,Terminal S,20:15,21:16
710,Terminal M,Terminal A,20:16,21:10
711,Terminal B,Terminal S,20:17,21:10
712,Terminal S,Terminal B,20:20,21:19
713,Terminal A,Terminal M,20:21,21:18
714,Terminal A,Terminal D,20:21,21:06
715,Terminal U,Terminal A,20:21,21:16
716,Terminal S,Terminal B,20:21,21:18
717,Terminal N,Terminal U,20:24,21:38
718,Terminal A,Terminal U,20:29,21:30
719,Terminal B,Terminal N,20:34,21:15
720,Terminal M,Terminal A,20:35,21:25
721,Terminal N,Terminal B,20:35,21:18
722,Terminal A,Terminal D,20:36,21:21
723,Terminal N,Terminal U,20:39,21:53
724,Terminal D,Terminal A,20:40,21:31
725,Terminal A,Terminal M,20:41,21:35
726,Terminal D,Terminal A,20:41,21:46
727,Terminal A,Terminal U,20:44,21:42
728,Terminal B,Terminal S,20:45,21:46
729,Terminal U,Terminal A,20:46,21:40
730,Terminal B,Terminal S,20:47,21:38
731,Terminal S,Terminal B,20:50,21:49
732,Terminal A,Terminal M,20:51,21:48
733,Terminal A,Terminal D,20:51,21:36
734,Terminal M,Terminal A,20:52,21:45
735,Terminal N,Terminal U,20:54,22:08
736,Terminal N,Terminal B,20:55,21:38
737,Terminal B,Terminal N,20:55,21:34
738,Terminal S,Terminal B,20:57,21:53
739,Terminal A,Terminal U,20:59,21:57
740,Terminal A,Terminal M,21:06,22:00
741,Terminal A,Terminal D,21:08,21:53
742,Terminal N,Terminal U,21:09,22:23
743,Terminal D,Terminal A,21:11,22:00
744,Terminal U,Terminal A,21:11,22:07
745,Terminal A,Terminal U,21:14,22:14
746,Terminal M,Terminal A,21:15,22:05
747,Terminal N,Terminal B,21:15,21:57
748,Terminal B,Terminal S,21:16,22:17
749,Terminal D,Terminal A,21:17,22:20
750,Terminal B,Terminal S,21:18,22:08
751,Terminal A,Terminal M,21:21,22:17
752,Terminal N,Terminal U,21:24,22:38
753,Terminal B,Terminal N,21:30,22:07
754,Terminal S,Terminal B,21:30,22:28
755,Terminal M,Terminal A,21:32,22:24
756,Terminal A,Terminal M,21:36,22:29
757,Terminal S,Terminal B,21:37,22:33
758,Terminal A,Terminal U,21:38,22:36
759,Terminal N,Terminal U,21:39,22:53
760,Terminal U,Terminal A,21:41,22:33
761,Terminal D,Terminal A,21:43,22:32
762,Terminal N,Terminal B,21:45,22:26
763,Terminal B,Terminal S,21:48,22:37
764,Terminal A,Terminal D,21:50,22:34
765,Terminal B,Terminal S,21:56,22:56
766,Terminal A,Terminal M,21:58,22:54
767,Terminal B,Terminal N,22:00,22:37
768,Terminal A,Terminal U,22:00,23:00
769,Terminal N,Terminal U,22:01,23:11
770,Terminal M,Terminal A,22:02,22:51
771,Terminal A,Terminal D,22:06,22:49
772,Terminal U,Terminal A,22:11,23:06
773,Terminal S,Terminal B,22:13,23:11
774,Terminal D,Terminal A,22:16,23:18
775,Terminal N,Terminal B,22:16,22:55
776,Terminal A,Terminal U,22:16,23:12
777,Terminal A,Terminal M,22:19,23:12
778,Terminal A,Terminal D,22:21,23:02
779,Terminal B,Terminal S,22:26,23:25
780,Terminal B,Terminal S,22:28,23:16
781,Terminal N,Terminal U,22:30,23:37
782,Terminal M,Terminal A,22:31,23:22
783,Terminal B,Terminal N,22:31,23:07
784,Terminal A,Terminal M,22:39,23:35
785,Terminal N,Terminal B,22:46,23:25
786,Terminal D,Terminal A,22:48,23:35
787,Terminal A,Terminal D,22:51,23:32
788,Terminal U,Terminal A,22:54,23:46
789,Terminal N,Terminal U,22:59,00:03
790,Terminal B,Terminal N,23:00,23:35
791,Terminal A,Terminal M,23:06,23:57
792,Terminal M,Terminal A,23:06,23:51
793,Terminal A,Terminal D,23:06,23:47
794,Terminal B,Terminal S,23:09,23:56
795,Terminal N,Terminal B,23:16,23:55
796,Terminal Q,Terminal R,05:12,06:27
797,Terminal Q,Terminal R,05:32,06:43
798,Terminal Q,Terminal R,05:50,07:03
799,Terminal Q,Terminal R,06:08,07:23
800,Terminal Q,Terminal R,06:25,07:40
801,Terminal Q,Terminal R,06:43,08:01
802,Terminal Q,Terminal R,07:00,08:20
803,Terminal Q,Terminal R,07:19,08:38
804,Terminal Q,Terminal R,07:40,09:00
805,Terminal Q,Terminal R,08:01,09:20
806,Terminal Q,Terminal R,08:22,09:40
807,Terminal Q,Terminal R,08:42,10:00
808,Terminal Q,Terminal R,09:03,10:19
809,Terminal Q,Terminal R,09:23,10:39
810,Terminal Q,Terminal R,09:43,10:59
811,Terminal Q,Terminal R,10:04,11:19
812,Terminal Q,Terminal R,10:24,11:39
813,Terminal Q,Terminal R,10:44,11:59
814,Terminal Q,Terminal R,11:04,12:19
815,Terminal Q,Terminal R,11:24,12:39
816,Terminal Q,Terminal R,11:43,12:59
817,Terminal Q,Terminal R,12:02,13:21
818,Terminal Q,Terminal R,12:21,13:40
819,Terminal Q,Terminal R,12:41,14:00
820,Terminal Q,Terminal R,13:01,14:21
821,Terminal Q,Terminal R,13:21,14:41
822,Terminal Q,Terminal R,13:40,15:01
823,Terminal Q,Terminal R,14:00,15:22
824,Terminal Q,Terminal R,14:23,15:47
825,Terminal Q,Terminal R,14:36,16:02
826,Terminal Q,Terminal R,14:54,16:23
827,Terminal Q,Terminal R,15:16,16:44
828,Terminal Q,Terminal R,15:34,17:02
829,Terminal Q,Terminal R,15:54,17:24
830,Terminal Q,Terminal R,16:15,17:43
831,Terminal Q,Terminal R,16:34,18:02
832,Terminal Q,Terminal R,16:55,18:23
833,Terminal Q,Terminal R,17:17,18:42
834,Terminal Q,Terminal R,17:38,19:01
835,Terminal Q,Terminal R,18:05,19:26
836,Terminal Q,Terminal R,18:28,19:44
837,Terminal Q,Terminal R,18:49,20:04
838,Terminal Q,Terminal R,19:09,20:24
839,Terminal Q,Terminal R,19:29,20:44
840,Terminal Q,Terminal R,19:51,21:04
841,Terminal Q,Terminal R,20:11,21:24
842,Terminal Q,Terminal R,20:32,21:44
843,Terminal Q,Terminal R,21:02,22:14
844,Terminal Q,Terminal R,21:31,22:43
845,Terminal Q,Terminal R,22:01,23:13
846,Terminal Q,Terminal R,22:32,23:44
847,Terminal R,Terminal Q,04:22,05:42
848,Terminal R,Terminal Q,05:00,06:15
849,Terminal R,Terminal Q,05:22,06:43
850,Terminal R,Terminal Q,05:39,06:55
851,Terminal R,Terminal Q,05:59,07:17
852,Terminal R,Terminal Q,06:18,07:41
853,Terminal R,Terminal Q,06:44,08:05
854,Terminal R,Terminal Q,07:02,08:25
855,Terminal R,Terminal Q,07:21,08:45
856,Terminal R,Terminal Q,07:38,09:00
857,Terminal R,Terminal Q,07:57,09:19
858,Terminal R,Terminal Q,08:15,09:39
859,Terminal R,Terminal Q,08:36,09:58
860,Terminal R,Terminal Q,08:58,10:18
861,Terminal R,Terminal Q,09:18,10:38
862,Terminal R,Terminal Q,09:36,10:58
863,Terminal R,Terminal Q,09:58,11:18
864,Terminal R,Terminal Q,10:19,11:39
865,Terminal R,Terminal Q,10:36,11:59
866,Terminal R,Terminal Q,10:58,12:19
867,Terminal R,Terminal Q,11:19,12:40
868,Terminal R,Terminal Q,11:37,13:00
869,Terminal R,Terminal Q,11:58,13:20
870,Terminal R,Terminal Q,12:19,13:40
871,Terminal R,Terminal Q,12:37,14:00
872,Terminal R,Terminal Q,12:58,14:20
873,Terminal R,Terminal Q,13:19,14:41
874,Terminal R,Terminal Q,13:37,15:02
875,Terminal R,Terminal Q,13:58,15:22
876,Terminal R,Terminal Q,14:18,15:41
877,Terminal R,Terminal Q,14:35,16:01
878,Terminal R,Terminal Q,14:54,16:20
879,Terminal R,Terminal Q,15:17,16:41
880,Terminal R,Terminal Q,15:38,17:05
881,Terminal R,Terminal Q,15:55,17:24
882,Terminal R,Terminal Q,16:19,17:45
883,Terminal R,Terminal Q,16:37,18:04
884,Terminal R,Terminal Q,16:57,18:24
885,Terminal R,Terminal Q,17:20,18:42
886,Terminal R,Terminal Q,17:40,19:04
887,Terminal R,Terminal Q,17:59,19:23
888,Terminal R,Terminal Q,18:24,19:44
889,Terminal R,Terminal Q,18:44,20:03
890,Terminal R,Terminal Q,19:09,20:26
891,Terminal R,Terminal Q,19:31,20:49
892,Terminal R,Terminal Q,20:01,21:18
893,Terminal R,Terminal Q,20:31,21:48
894,Terminal R,Terminal Q,21:03,22:19
895,Terminal R,Terminal Q,21:36,22:51
896,Terminal R,Terminal Q,22:06,23:21
897,Terminal R,Terminal Q,22:39,23:54
898,Terminal S,Terminal P,04:54,05:55
898,Terminal P,Terminal S,04:54,05:55
899,Terminal S,Terminal P,05:23,06:26
899,Terminal P,Terminal S,05:23,06:26
900,Terminal S,Terminal P,05:50,06:57
900,Terminal P,Terminal S,05:50,06:57
901,Terminal S,Terminal P,06:21,07:27
901,Terminal P,Terminal S,06:21,07:27
902,Terminal S,Terminal P,06:38,07:49
902,Terminal P,Terminal S,06:38,07:49
903,Terminal S,Terminal P,06:52,08:04
903,Terminal P,Terminal S,06:52,08:04
904,Terminal S,Terminal P,07:19,08:34
904,Terminal P,Terminal S,07:19,08:34
905,Terminal S,Terminal P,07:50,09:02
905,Terminal P,Terminal S,07:50,09:02
906,Terminal S,Terminal P,08:20,09:31
906,Terminal P,Terminal S,08:20,09:31
907,Terminal S,Terminal P,08:52,10:01
907,Terminal P,Terminal S,08:52,10:01
908,Terminal S,Terminal P,09:23,10:31
908,Terminal P,Terminal S,09:23,10:31
909,Terminal S,Terminal P,09:54,11:01
909,Terminal P,Terminal S,09:54,11:01
910,Terminal S,Terminal P,10:24,11:32
910,Terminal P,Terminal S,10:24,11:32
911,Terminal S,Terminal P,10:54,12:02
911,Terminal P,Terminal S,10:54,12:02
912,Terminal S,Terminal P,11:24,12:32
912,Terminal P,Terminal S,11:24,12:32
913,Terminal S,Terminal P,11:54,13:03
913,Terminal P,Terminal S,11:54,13:03
914,Terminal S,Terminal P,12:24,13:35
914,Terminal P,Terminal S,12:24,13:35
915,Terminal S,Terminal P,12:54,14:05
915,Terminal P,Terminal S,12:54,14:05
916,Terminal S,Terminal P,13:24,14:35
916,Terminal P,Terminal S,13:24,14:35
917,Terminal S,Terminal P,13:53,15:05
917,Terminal P,Terminal S,13:53,15:05
918,Terminal S,Terminal P,14:23,15:35
918,Terminal P,Terminal S,14:23,15:35
919,Terminal S,Terminal P,14:50,16:05
919,Terminal P,Terminal S,14:50,16:05
920,Terminal S,Terminal P,15:19,16:36
920,Terminal P,Terminal S,15:19,16:36
921,Terminal S,Terminal P,15:49,17:08
921,Terminal P,Terminal S,15:49,17:08
922,Terminal S,Terminal P,16:19,17:38
922,Terminal P,Terminal S,16:19,17:38
923,Terminal S,Terminal P,16:49,18:08
923,Terminal P,Terminal S,16:49,18:08
924,Terminal S,Terminal P,17:19,18:37
924,Terminal P,Terminal S,17:19,18:37
925,Terminal S,Terminal P,17:54,19:05
925,Terminal P,Terminal S,17:54,19:05
926,Terminal S,Terminal P,18:08,19:20
926,Terminal P,Terminal S,18:08,19:20
927,Terminal S,Terminal P,18:29,19:37
927,Terminal P,Terminal S,18:29,19:37
928,Terminal S,Terminal P,18:57,20:05
928,Terminal P,Terminal S,18:57,20:05
929,Terminal S,Terminal P,19:28,20:35
929,Terminal P,Terminal S,19:28,20:35
930,Terminal S,Terminal P,19:54,21:02
930,Terminal P,Terminal S,19:54,21:02
931,Terminal S,Terminal P,20:24,21:30
931,Terminal P,Terminal S,20:24,21:30
932,Terminal S,Terminal P,20:54,22:00
932,Terminal P,Terminal S,20:54,22:00
933,Terminal S,Terminal P,21:28,22:32
933,Terminal P,Terminal S,21:28,22:32
934,Terminal S,Terminal P,21:58,23:02
934,Terminal P,Terminal S,21:58,23:02
935,Terminal S,Terminal P,22:42,23:45
935,Terminal P,Terminal S,22:42,23:45
974,Terminal Q,Terminal R,04:30,05:28
975,Terminal Q,Terminal R,05:20,06:10
976,Terminal Q,Terminal R,06:15,07:08
977,Terminal Q,Terminal R,07:08,08:08
978,Terminal Q,Terminal R,08:08,09:08
979,Terminal Q,Terminal R,09:14,10:11
980,Terminal Q,Terminal R,10:14,11:11
981,Terminal Q,Terminal R,11:14,12:11
982,Terminal Q,Terminal R,12:11,13:10
983,Terminal Q,Terminal R,13:11,14:10
984,Terminal Q,Terminal R,14:10,15:12
985,Terminal Q,Terminal R,15:09,16:13
986,Terminal Q,Terminal R,16:09,17:13
987,Terminal Q,Terminal R,17:05,18:06
988,Terminal Q,Terminal R,18:07,19:05
989,Terminal Q,Terminal R,19:14,20:10
990,Terminal Q,Terminal R,20:14,21:08
991,Terminal Q,Terminal R,21:14,22:08
992,Terminal Q,Terminal R,22:14,23:08
993,Terminal R,Terminal Q,04:27,05:26
994,Terminal R,Terminal Q,06:03,06:59
995,Terminal R,Terminal Q,06:55,07:51
996,Terminal R,Terminal Q,07:55,08:51
997,Terminal R,Terminal Q,08:55,09:51
998,Terminal R,Terminal Q,09:55,10:51
999,Terminal R,Terminal Q,10:55,11:51
1000,Terminal R,Terminal Q,11:54,12:51
1001,Terminal R,Terminal Q,12:54,13:52
1002,Terminal R,Terminal Q,13:54,14:52
1003,Terminal R,Terminal Q,14:52,15:52
1004,Terminal R,Terminal Q,15:52,16:52
1005,Terminal R,Terminal Q,16:52,17:52
1006,Terminal R,Terminal Q,17:58,18:54
1007,Terminal R,Terminal Q,18:58,19:53
1008,Terminal R,Terminal Q,19:58,20:53
1009,Terminal R,Terminal Q,20:58,21:53
1010,Terminal R,Terminal Q,21:58,22:52
1011,Terminal R,Terminal Q,22:58,23:51
1012,Terminal Q,Terminal L,05:34,06:34
1013,Terminal Q,Terminal L,06:06,07:07
1014,Terminal Q,Terminal L,06:35,07:40
1015,Terminal Q,Terminal L,07:06,08:11
1016,Terminal Q,Terminal L,07:35,08:40
1017,Terminal Q,Terminal L,08:05,09:10
1018,Terminal Q,Terminal L,08:37,09:41
1019,Terminal Q,Terminal L,09:07,10:11
1020,Terminal Q,Terminal L,09:36,10:41
1021,Terminal Q,Terminal L,10:05,11:11
1022,Terminal Q,Terminal L,10:35,11:42
1023,Terminal Q,Terminal L,11:05,12:12
1024,Terminal Q,Terminal L,11:35,12:42
1025,Terminal Q,Terminal L,12:05,13:12
1026,Terminal Q,Terminal L,12:35,13:42
1027,Terminal Q,Terminal L,13:04,14:12
1028,Terminal Q,Terminal L,13:35,14:43
1029,Terminal Q,Terminal L,14:04,15:15
1030,Terminal Q,Terminal L,14:34,15:45
1031,Terminal Q,Terminal L,15:04,16:15
1032,Terminal Q,Terminal L,15:34,16:45
1033,Terminal Q,Terminal L,16:04,17:15
1034,Terminal Q,Terminal L,16:34,17:45
1035,Terminal Q,Terminal L,17:04,18:14
1036,Terminal Q,Terminal L,17:34,18:43
1037,Terminal Q,Terminal L,18:05,19:11
1038,Terminal Q,Terminal L,18:35,19:40
1039,Terminal Q,Terminal L,19:05,20:09
1040,Terminal Q,Terminal L,19:35,20:38
1041,Terminal Q,Terminal L,20:05,21:08
1042,Terminal Q,Terminal L,20:36,21:39
1043,Terminal Q,Terminal L,21:07,22:09
1044,Terminal Q,Terminal L,21:36,22:38
1045,Terminal Q,Terminal L,22:07,23:06
1046,Terminal Q,Terminal L,22:37,23:35
1047,Terminal L,Terminal Q,05:32,06:35
1048,Terminal L,Terminal Q,06:01,07:05
1049,Terminal L,Terminal Q,06:31,07:37
1050,Terminal L,Terminal Q,07:01,08:07
1051,Terminal L,Terminal Q,07:31,08:37
1052,Terminal L,Terminal Q,08:01,09:07
1053,Terminal L,Terminal Q,08:32,09:38
1054,Terminal L,Terminal Q,09:02,10:09
1055,Terminal L,Terminal Q,09:32,10:39
1056,Terminal L,Terminal Q,10:02,11:09
1057,Terminal L,Terminal Q,10:32,11:39
1058,Terminal L,Terminal Q,11:02,12:09
1059,Terminal L,Terminal Q,11:31,12:39
1060,Terminal L,Terminal Q,12:00,13:09
1061,Terminal L,Terminal Q,12:30,13:39
1062,Terminal L,Terminal Q,13:00,14:10
1063,Terminal L,Terminal Q,13:30,14:40
1064,Terminal L,Terminal Q,14:00,15:10
1065,Terminal L,Terminal Q,14:30,15:40
1066,Terminal L,Terminal Q,15:01,16:11
1067,Terminal L,Terminal Q,15:31,16:41
1068,Terminal L,Terminal Q,16:01,17:11
1069,Terminal L,Terminal Q,16:31,17:41
1070,Terminal L,Terminal Q,17:01,18:11
1071,Terminal L,Terminal Q,17:31,18:40
1072,Terminal L,Terminal Q,18:03,19:11
1073,Terminal L,Terminal Q,18:33,19:40
1074,Terminal L,Terminal Q,19:04,20:10
1075,Terminal L,Terminal Q,19:34,20:40
1076,Terminal L,Terminal Q,20:04,21:10
1077,Terminal L,Terminal Q,20:34,21:41
1078,Terminal L,Terminal Q,21:04,22:11
1079,Terminal L,Terminal Q,21:34,22:40
1080,Terminal L,Terminal Q,22:19,23:23
